bigram,n
cooling tower,15
pass cooling,9
single pass,9
tower management,9
vehicle washing,9
laundry equipment,7
leak detection,7
repair leaks,7
repair replace,7
water purification,7
components repair,6
cooling equipment,6
high efficiency,6
ice machine,6
faucet showerhead,5
flow rate,5
flow rates,5
food disposal,5
maintenance program,5
purification systems,5
broken components,4
energy star,4
evaporative coolers,4
replace broken,4
replace laundry,4
star qualified,4
steam cooker,4
steam cookers,4
vivarium equipment,4
water supply,4
aerators laminar,3
air cooled,3
alternative water,3
automatic sensors,3
automatic shut,3
automatic water,3
disinfection sterilization,3
flow devices,3
install aerators,3
laminar flow,3
manufacturer recommendations,3
photographic x,3
pre rinse,3
qualified high,3
quality water,3
rates within,3
ray equipment,3
replace water,3
rinse spray,3
shut procedures,3
spray valves,3
sterilization systems,3
supply shut,3
toilet flush,3
water efficiency,3
water efficient,3
water softners,3
water treatment,3
within manufacturer,3
x ray,3
add automatic,2
based irrigation,2
bed biofilm,2
chemical feed,2
cleaning custodial,2
climate appropriate,2
cooled equipment,2
crews report,2
custodial crews,2
detection sensors,2
encourage cleaning,2
establish internal,2
flow meters,2
flush valve,2
glassware washer,2
gpm flow,2
heat exchanger,2
high quality,2
hire landscape,2
imaging leak,2
implement advanced,2
implement automatic,2
implement leak,2
implement vehicle,2
inspection maintenance,2
install automatic,2
install flow,2
install food,2
install small,2
leak report,2
make water,2
meters make,2
minimum flow,2
pressure reducing,2
recycle rinse,2
recycling system,2
replace energy,2
replace vehicle,2
report maintenance,2
retrofit existing,2
retrofit kit,2
reverse osmosis,2
rinse cycle,2
save water,2
side stream,2
sprinkler heads,2
system cooling,2
system pressure,2
thermal imaging,2
toilet flushing,2
toilet urinal,2
tunnel washers,2
type toilets,2
use alternative,2
use food,2
washer water,2
washing equipment,2
washing system,2
water irrigation,2
water quality,2
water recycling,2
water saving,2
water water,2
0.5 gpm,1
1.5 gpm,1
5 gallons,1
acceptable rate,1
accumulated dissolved,1
acid treatment,1
add insulation,1
add mulch,1
add nearby,1
add single,1
adequate hose,1
adjust film,1
adjust maintain,1
adjust mechanisms,1
adjust tank,1
advanced control,1
advanced cooling,1
advanced demand,1
aerate soil,1
air handler,1
align nozzles,1
alternate turf,1
alternative sources,1
amount water,1
amounts evaporative,1
animal watering,1
another use,1
applications water,1
appropriate depth,1
appropriate level,1
appropriate plants,1
appropriate water,1
atmospheric water,1
attach shut,1
automated chemical,1
automatic animal,1
automatic blowdown,1
automatic chemical,1
automatic control,1
avoid water,1
based projected,1
based volume,1
based weather,1
batch production,1
batch reactor,1
bath effluent,1
bay systems,1
best management,1
best practices,1
biofilm reactor,1
biofilm reactors,1
biological contactors,1
bioreactor sequencing,1
bleed water,1
blowdown accumulated,1
blowdown heat,1
blowdown lines,1
blowdown make,1
blowdown system,1
blowdown water,1
boiler distributed,1
boiler make,1
boiler tuning,1
boilerless connectionless,1
bowl compatible,1
bowl valve,1
broken ice,1
broken plumbing,1
broken steam,1
building’s water,1
buildup sanitize,1
cage cleaning,1
cage rack,1
calibrate align,1
calibrate automatic,1
capacity hand,1
capture condensate,1
capture system,1
cartridges material,1
cathodic protection,1
characteristics deciding,1
check building’s,1
check entering,1
check flush,1
check operation,1
check performance,1
check ratio,1
check solenoids,1
check toilet,1
chemical use,1
chiller cooling,1
chiller single,1
chose digital,1
chose dry,1
clean ice,1
clean replace,1
cleaner rinsing,1
cleaning operations,1
clocks distribute,1
closed loop,1
closed system,1
coil loops,1
coil maintenance,1
column newsletter,1
commercial dishwashers,1
commercial laundry,1
commercial steam,1
communication system,1
compatible flushing,1
components water,1
comprehensive air,1
concentrate produced,1
condensate pump,1
condensate retrofit,1
condensate return,1
conduct regular,1
conductivity blowdown,1
conductivity controller,1
conductivity flow,1
connectionless commercial,1
connectionless food,1
conservation devices,1
consider alternative,1
consider sources,1
consider valve,1
contractors report,1
control shut,1
control system,1
control valve,1
controller advanced,1
controller cooling,1
conveyor bay,1
conveyor equipment,1
cooker based,1
cooker components,1
cooker deposits,1
cooker stand,1
cookers boilerless,1
cookers improved,1
cooled chiller,1
cooled system,1
cooler flow,1
coolers device,1
cooling systems,1
cost effective,1
covers open,1
create internal,1
create wetlands,1
cycle cost,1
cycle minimum,1
deciding toilet,1
decks top,1
decorative water,1
dehumidification requirements,1
demand based,1
desalinated water,1
design company,1
design irrigation,1
design restroom,1
detect leaks,1
detection system,1
detergent formulated,1
detergents reduce,1
detergents vehicle,1
develop water,1
developer fixer,1
development techniques,1
device efficiency,1
devices 0.5,1
devices 1.5,1
devices low,1
devices meet,1
digital equipment,1
discharge sewer,1
discharged water,1
dishwasher based,1
dishwasher minimum,1
dishwasher rack,1
dishwasher rinse,1
dishwashers full,1
disposal isn’t,1
disposal load,1
disposal water,1
dissolved solids,1
distribute material,1
distributed system,1
distribution decks,1
distribution uniformity,1
drip irrigation,1
drone operated,1
drought tolerant,1
dry vacuum,1
educate maintenance,1
educate users,1
effective boiler,1
efficiency best,1
efficiency commercial,1
efficiency disinfection,1
efficiency knowledge,1
efficiency pre,1
efficiency rating,1
efficiency retrofit,1
efficiency steam,1
efficiency toilet,1
efficiency toilets,1
efficient equipment,1
efficient irrigation,1
efficient models,1
efficient plant,1
effluent boiler,1
effluent make,1
eliminate ice,1
eliminate single,1
eliminate strip,1
eliminate weeds,1
employee awareness,1
encourage shorter,1
encourage users,1
ensure adequate,1
ensure evaporative,1
ensure final,1
ensure flow,1
ensure toilet,1
ensure trees,1
ensure vehicle,1
entering leaving,1
equipment air,1
equipment broken,1
equipment coil,1
equipment energy,1
equipment full,1
equipment insulation,1
equipment minimum,1
equipment new,1
equipment photographic,1
equipment proper,1
equipment recycle,1
equipment system,1
equipment tunnel,1
equipment use,1
equipment water,1
equivalent models,1
establish traditional,1
establish user,1
evaluate laboratory,1
evaluate water,1
evaporative cooler,1
exchanger coils,1
existing cage,1
existing laundry,1
expansion flash,1
expansion tank,1
expansion tanks,1
extended aeration,1
faucet public,1
faucets conservation,1
faucets showerheads,1
feed system,1
feed systems,1
femp purchasing,1
fiber optics,1
fill valve,1
film processor,1
filter trickling,1
filtration system,1
final dishwasher,1
find another,1
fire side,1
fix problems,1
fixed bed,1
fixer solution,1
fixtures parts,1
flapper valve,1
flash tank,1
flow food,1
flow minimum,1
flush rating,1
flush sensors,1
flushing capacities,1
flushometer fixtures,1
flushometer toilet,1
flushometer type,1
follow irrigation,1
food loading,1
food pans,1
food pulper,1
food steamer,1
food straining,1
foot operated,1
formulated type,1
foundation water,1
freeze sensors,1
friendly method,1
full capacity,1
full laundry,1
full use,1
gallons per,1
ground penetration,1
hand held,1
hand scrape,1
hand triggered,1
handheld hoses,1
handler coil,1
harvesting system,1
heads efficiency,1
heat capture,1
heater settings,1
height pre,1
held thermal,1
high pressure,1
higher recovery,1
hire irrigation,1
hire qualified,1
hose height,1
hour cooling,1
immediate reporting,1
impact landscape,1
implement boiler,1
implement comprehensive,1
implement condensate,1
implement cooling,1
implement faucet,1
implement ground,1
implement hydrozoning,1
implement low,1
implement recovery,1
implement summer,1
improved insulation,1
incentive system,1
include immediate,1
increase employee,1
increase sprinkler,1
industry best,1
inert ion,1
infrared ultrasonic,1
inquire water,1
inspect fire,1
inspect flushometer,1
install automated,1
install blowdown,1
install chiller,1
install climate,1
install conductivity,1
install covers,1
install dishwasher,1
install expansion,1
install faucet,1
install fiber,1
install glassware,1
install high,1
install intermittent,1
install irrigation,1
install leak,1
install maintain,1
install make,1
install meters,1
install micro,1
install noise,1
install ozone,1
install pipe,1
install pond,1
install pressure,1
install reactors,1
install real,1
install side,1
install sprinkler,1
install temporary,1
install water,1
instead food,1
institute cathodic,1
insulation standby,1
intermittent sand,1
internal column,1
internal communication,1
internal suggestion,1
internal training,1
internal water,1
internally near,1
ion concentration,1
ionization chemical,1
irrigation auditor,1
irrigation contractors,1
irrigation controller,1
irrigation controls,1
irrigation design,1
irrigation drip,1
irrigation industry,1
irrigation meter,1
irrigation schedule,1
irrigation service,1
irrigation system,1
isn’t used,1
keep single,1
kit disinfection,1
kitchen faucet,1
kitchen faucets,1
knowledge vendor,1
labeled products,1
laboratory requirements,1
landscape contractors,1
landscape designer,1
landscape development,1
landscape installation,1
landscape irrigation,1
landscape service,1
large commercial,1
laundry loads,1
laundry machines,1
lavatory faucet,1
leak inspection,1
leaks evaporative,1
leaks replace,1
leaving water,1
level fill,1
level water,1
levels landscape,1
life cycle,1
lime scale,1
limit toilet,1
lines cooling,1
listening sticks,1
load sensing,1
loading dishes,1
loading food,1
local utilities,1
loggers listening,1
look steam,1
loop system,1
loops clean,1
low flow,1
low impact,1
lowest appropriate,1
machine components,1
machine devices,1
machine lime,1
machine rinse,1
machine single,1
machine water,1
machines water,1
maintain automatic,1
maintain condensate,1
maintain decorative,1
maintain sufficient,1
maintenance agreements,1
maintenance routines,1
maintenance staff,1
make blowdown,1
make developer,1
make lines,1
make supply,1
manage system,1
management practices,1
manufacture recommendation,1
material encourage,1
material system,1
maximum water,1
meet femp,1
membrane bioreactor,1
metal material,1
meters trouble,1
method report,1
micro irrigation,1
minimize turf,1
minimum acceptable,1
minimum time,1
mode closed,1
mode use,1
models vivarium,1
models watersense,1
moisture wind,1
monitor bleed,1
monitor inert,1
moving bed,1
mowing height,1
mulch plant,1
multi pass,1
multi stream,1
near equipment,1
nearby clocks,1
new rollover,1
newer cleaner,1
newsletter water,1
nights weekends,1
noise loggers,1
non potable,1
nonpotable applications,1
nozzles handheld,1
nozzles sensors,1
number rinse,1
nutrients ph,1
obtain water,1
one regenerates,1
open distribution,1
operate dishwasher,1
operated thermal,1
operated valves,1
operating system,1
operation single,1
operations vivarium,1
operators wash,1
opposed staged,1
optics leak,1
optimal levels,1
optimize ice,1
optimize reverse,1
options ozonation,1
ornamental water,1
osmosis systems,1
osmosis treatment,1
ozonation ionization,1
ozone system,1
pans steam,1
parts adjust,1
pass effluent,1
penetration detect,1
per ton,1
performance toilet,1
ph levels,1
pipe leak,1
place signs,1
plant beds,1
plant material,1
planted appropriate,1
plumbing components,1
pond system,1
potable water,1
pressure optimal,1
pressure toilets,1
pressure vehicle,1
pressure within,1
procedures evaporative,1
procedures water,1
processor flow,1
produced reverse,1
production opposed,1
products equivalent,1
program cooling,1
program large,1
programs local,1
projected use,1
promote reduction,1
proper amount,1
proper use,1
properly vehicle,1
protection metal,1
public restrooms,1
pulper instead,1
pump air,1
pump inspection,1
purchasing specifications,1
purification processes,1
purification system,1
qualified irrigation,1
qualified machines,1
quality detergents,1
quality operating,1
quantity topsoil,1
rack sensors,1
rack washers,1
rain soil,1
rate kitchen,1
rate lavatory,1
rate meters,1
rate photographic,1
rate restrooms,1
rate rinse,1
rate systems,1
rates increase,1
rates single,1
rating 5,1
rating replaced,1
ratio conductivity,1
reactor moving,1
reactor rotating,1
reactors membrane,1
reactors submerged,1
real time,1
recirculate maintain,1
recirculate water,1
recirculating vaccum,1
reclaim wastewater,1
recommend train,1
recommendations water,1
recovery rate,1
recovery recirculating,1
recycle used,1
recycling systems,1
reduce number,1
reduce water,1
reducing device,1
reducing valves,1
regular internal,1
regular maintenance,1
reheat dehumidification,1
remove ice,1
remove ornamental,1
remove steam,1
repair problems,1
replace bowl,1
replace cooling,1
replace efficient,1
replace evaporative,1
replace faucet,1
replace flushometer,1
replace glassware,1
replace high,1
replace ice,1
replace install,1
replace life,1
replace piping,1
replace pre,1
replace residential,1
replace timer,1
replace urinal,1
replace worn,1
replaced toilet,1
replant drought,1
report faucet,1
report fix,1
report leaks,1
report problems,1
report toilet,1
reporting repair,1
require vendors,1
requirements high,1
residential tank,1
restroom traffic,1
retrofitting high,1
return system,1
reuse concentrate,1
review irrigation,1
review landscape,1
rinse bath,1
rinse cycles,1
rinse pressure,1
rinse water,1
rinsing detergents,1
rollover conveyor,1
rotating biological,1
rotational sprinkler,1
routines include,1
run dishwashers,1
run washing,1
sand filter,1
satellite leak,1
saving benefits,1
saving programs,1
saving water,1
scale buildup,1
scrape food,1
sealant cartridges,1
select steam,1
sensing device,1
sensors faucets,1
sensors limit,1
sensors properly,1
sensors save,1
sensors touchless,1
sequencing batch,1
service agreements,1
service maintenance,1
set equipment,1
sewer disinfection,1
share internal,1
shooting cooling,1
shorter showers,1
showerhead expansion,1
showerhead leak,1
showerhead models,1
showerhead problems,1
showerhead system,1
shut device,1
shut feature,1
shut foot,1
shut nozzles,1
shut single,1
shut valves,1
shut water,1
side boiler,1
signs internally,1
size dishwasher,1
small cage,1
small expansion,1
small summer,1
softener one,1
softeners timers,1
softening system,1
soil conditions,1
soil moisture,1
soil nutrients,1
solenoids automatic,1
solids sludge,1
solution photographic,1
sources alternative,1
sources non,1
specifications energy,1
spray nozzle,1
sprinkler automatic,1
staff toilet,1
staged loading,1
stand mode,1
standby mode,1
steam sterilizer,1
sterilize recirculate,1
sterilizer condensate,1
sticks leak,1
stop timer,1
straining system,1
stream filtration,1
stream rotational,1
stream softening,1
strip grass,1
submerged fixed,1
submeter vehicle,1
sufficient quantity,1
suggestion incentive,1
summer boiler,1
summer shutdown,1
supply landscape,1
supply quality,1
system based,1
system characteristics,1
system design,1
system food,1
system hand,1
system heat,1
system laundry,1
system maximum,1
system nights,1
system reheat,1
system report,1
system saving,1
systems cooling,1
systems equipment,1
systems higher,1
systems multi,1
systems nonpotable,1
systems vivarium,1
systems water,1
tank discharge,1
tank toilet,1
tank type,1
tank water,1
tanks pressure,1
temperatures flow,1
temporary shut,1
test faucet,1
test soil,1
time rain,1
timer based,1
toilet fixtures,1
toilet float,1
toilet flushometer,1
toilet leaks,1
toilet models,1
toilet tank,1
toilet valve,1
toilets high,1
toilets urinals,1
tolerant climate,1
ton hour,1
top cooling,1
touchless faucets,1
tower air,1
tower closed,1
tower controls,1
tower water,1
traditional wastewater,1
traffic water,1
train water,1
training workshops,1
treatment cooling,1
treatment options,1
treatment plant,1
treatment programs,1
treatment services,1
treatment systems,1
trees planted,1
trickling filter,1
triggered spray,1
trouble shooting,1
tuning program,1
turf area,1
turf mowing,1
turn steam,1
type laundry,1
ultrasonic toilet,1
urinal parts,1
urinal sealant,1
urinal valves,1
urinal water,1
urinals watersense,1
usage promote,1
use acid,1
use atmospheric,1
use batch,1
use blowdown,1
use conductivity,1
use connectionless,1
use cooling,1
use desalinated,1
use detergent,1
use discharged,1
use drone,1
use foundation,1
use graywater,1
use hand,1
use high,1
use lowest,1
use multi,1
use newer,1
use proper,1
use satellite,1
use save,1
use single,1
use steam,1
use tunnel,1
use water,1
use watersense,1
used automatic,1
used toilet,1
user friendly,1
users operators,1
users urinal,1
vaccum system,1
vacuum pump,1
valve bowl,1
valve design,1
valve flapper,1
valve insert,1
valve retrofitting,1
valve type,1
valves broken,1
valves kitchen,1
valves reduce,1
vendors regular,1
verify irrigation,1
volume service,1
wash full,1
washers replace,1
washers small,1
washing automatic,1
washing broken,1
washing conveyor,1
washing flow,1
washing wastewater,1
wastewater recycling,1
wastewater treatment,1
water amounts,1
water conservation,1
water control,1
water cooled,1
water cooling,1
water distribution,1
water features,1
water flow,1
water generation,1
water harvesting,1
water heat,1
water heater,1
water level,1
water pressure,1
water side,1
water softener,1
water softeners,1
water sources,1
water stop,1
water temperatures,1
water toilet,1
water usage,1
water used,1
water vivarium,1
watering systems,1
watersense label,1
watersense labeled,1
watersense qualified,1
weather soil,1
wind freeze,1
within manufacture,1
workshops water,1
worn parts,1
