word,n
water,64
install,41
replace,32
use,32
equipment,30
system,30
cooling,25
implement,18
flow,17
systems,16
irrigation,15
repair,15
tower,15
toilet,14
automatic,13
efficiency,11
food,10
leak,10
leaks,10
management,10
pass,10
shut,10
washing,10
high,9
laundry,9
rinse,9
sensors,9
single,9
steam,9
vehicle,9
check,8
maintenance,8
valve,8
broken,7
components,7
detection,7
ensure,7
faucet,7
pressure,7
program,7
purification,7
rate,7
report,7
valves,7
add,6
blowdown,6
ice,6
landscape,6
machine,6
make,6
qualified,6
treatment,6
based,5
boiler,5
devices,5
disposal,5
evaporative,5
internal,5
quality,5
rates,5
showerhead,5
supply,5
tank,5
adjust,4
air,4
alternative,4
appropriate,4
condensate,4
cooker,4
cookers,4
cooled,4
coolers,4
design,4
device,4
dishwasher,4
efficient,4
eliminate,4
encourage,4
energy,4
establish,4
flush,4
hire,4
maintain,4
material,4
meters,4
minimum,4
models,4
problems,4
retrofit,4
soil,4
spray,4
star,4
toilets,4
type,4
urinal,4
vivarium,4
within,4
advanced,3
aerators,3
chemical,3
clean,3
cleaning,3
commercial,3
conductivity,3
consider,3
control,3
cycle,3
disinfection,3
expansion,3
faucets,3
flushing,3
flushometer,3
full,3
hand,3
heat,3
insulation,3
laminar,3
manufacturer,3
parts,3
photographic,3
plant,3
pre,3
procedures,3
ray,3
recommendations,3
recycle,3
recycling,3
remove,3
saving,3
service,3
side,3
small,3
softners,3
sources,3
sprinkler,3
sterilization,3
stream,3
used,3
washers,3
wastewater,3
watersense,3
x,3
agreements,2
batch,2
bed,2
best,2
biofilm,2
bowl,2
cage,2
calibrate,2
capture,2
chiller,2
chose,2
climate,2
closed,2
coil,2
connectionless,2
conservation,2
contractors,2
controller,2
controls,2
conveyor,2
create,2
crews,2
custodial,2
detergents,2
dishwashers,2
distribution,2
educate,2
effluent,2
evaluate,2
exchanger,2
existing,2
feed,2
filter,2
fixtures,2
glassware,2
gpm,2
heads,2
height,2
imaging,2
increase,2
inspect,2
inspection,2
kit,2
kitchen,2
level,2
levels,2
lines,2
loading,2
low,2
machines,2
mode,2
monitor,2
multi,2
nozzles,2
operated,2
optimize,2
osmosis,2
practices,2
programs,2
proper,2
pump,2
rack,2
rating,2
reactor,2
reactors,2
recirculate,2
recovery,2
reduce,2
reducing,2
regular,2
requirements,2
restrooms,2
reverse,2
review,2
run,2
save,2
summer,2
test,2
thermal,2
time,2
timer,2
tunnel,2
turf,2
users,2
washer,2
0.5,1
1.5,1
5,1
acceptable,1
accumulated,1
acid,1
adequate,1
aerate,1
aeration,1
align,1
alternate,1
amount,1
amounts,1
animal,1
another,1
applications,1
area,1
atmospheric,1
attach,1
auditor,1
automated,1
avoid,1
awareness,1
bath,1
bay,1
beds,1
benefits,1
biological,1
bioreactor,1
bleed,1
boilerless,1
building’s,1
buildup,1
capacities,1
capacity,1
cartridges,1
cathodic,1
characteristics,1
cleaner,1
clocks,1
coils,1
column,1
communication,1
company,1
compatible,1
comprehensive,1
concentrate,1
concentration,1
conditions,1
conduct,1
contactors,1
cooler,1
cost,1
covers,1
cycles,1
deciding,1
decks,1
decorative,1
dehumidification,1
demand,1
deposits,1
depth,1
desalinated,1
designer,1
detect,1
detergent,1
develop,1
developer,1
development,1
digital,1
discharge,1
discharged,1
dishes,1
dissolved,1
distribute,1
distributed,1
drip,1
drone,1
drought,1
dry,1
effective,1
employee,1
entering,1
equivalent,1
extended,1
feature,1
features,1
femp,1
fiber,1
fill,1
film,1
filtration,1
final,1
find,1
fire,1
fix,1
fixed,1
fixer,1
flapper,1
flash,1
float,1
follow,1
foot,1
formulated,1
foundation,1
freeze,1
friendly,1
gallons,1
generation,1
grass,1
graywater,1
ground,1
handheld,1
handler,1
harvesting,1
heater,1
held,1
higher,1
hose,1
hoses,1
hour,1
hydrozoning,1
immediate,1
impact,1
improved,1
incentive,1
include,1
industry,1
inert,1
infrared,1
inquire,1
insert,1
installation,1
instead,1
institute,1
intermittent,1
internally,1
ion,1
ionization,1
isn’t,1
keep,1
knowledge,1
label,1
labeled,1
laboratory,1
large,1
lavatory,1
leaving,1
life,1
lime,1
limit,1
listening,1
load,1
loads,1
local,1
loggers,1
look,1
loop,1
loops,1
lowest,1
manage,1
manufacture,1
maximum,1
mechanisms,1
meet,1
membrane,1
metal,1
meter,1
method,1
micro,1
minimize,1
moisture,1
moving,1
mowing,1
mulch,1
near,1
nearby,1
new,1
newer,1
newsletter,1
nights,1
noise,1
non,1
nonpotable,1
nozzle,1
number,1
nutrients,1
obtain,1
one,1
open,1
operate,1
operating,1
operation,1
operations,1
operators,1
opposed,1
optics,1
optimal,1
options,1
ornamental,1
ozonation,1
ozone,1
pans,1
penetration,1
per,1
performance,1
ph,1
pipe,1
piping,1
place,1
planted,1
plants,1
plumbing,1
pond,1
potable,1
processes,1
processor,1
produced,1
production,1
products,1
projected,1
promote,1
properly,1
protection,1
public,1
pulper,1
purchasing,1
quantity,1
rain,1
ratio,1
real,1
recirculating,1
reclaim,1
recommend,1
recommendation,1
reduction,1
regenerates,1
reheat,1
replaced,1
replant,1
reporting,1
require,1
residential,1
restroom,1
retrofitting,1
return,1
reuse,1
rinsing,1
rollover,1
rotating,1
rotational,1
routines,1
sand,1
sanitize,1
satellite,1
scale,1
schedule,1
scrape,1
sealant,1
select,1
sensing,1
sequencing,1
services,1
set,1
settings,1
sewer,1
share,1
shooting,1
shorter,1
showerheads,1
showers,1
shutdown,1
signs,1
size,1
sludge,1
softener,1
softeners,1
softening,1
solenoids,1
solids,1
solution,1
specifications,1
staff,1
staged,1
stand,1
standby,1
steamer,1
sterilize,1
sterilizer,1
sticks,1
stop,1
straining,1
strip,1
submerged,1
submeter,1
sufficient,1
suggestion,1
tanks,1
techniques,1
temperatures,1
temporary,1
timers,1
tolerant,1
ton,1
top,1
topsoil,1
touchless,1
traditional,1
traffic,1
train,1
training,1
trees,1
trickling,1
triggered,1
trouble,1
tuning,1
turn,1
ultrasonic,1
uniformity,1
urinals,1
usage,1
user,1
utilities,1
vaccum,1
vacuum,1
vendor,1
vendors,1
verify,1
volume,1
wash,1
watering,1
weather,1
weeds,1
weekends,1
wetlands,1
wind,1
workshops,1
worn,1
